attempt,stage,label,phase,pairIndex,order,wallMs,sampleCount,firstMs,firstBytes,peakBytes,firstPeakMs,lastPeakMs,lastMs,lastBytes,above95PeakMs,longestAbove95PeakMs,medianGapMs,maxGapMs,eventMatches,eventElapsedMs,bin0MedianBytes,bin1MedianBytes,bin2MedianBytes,bin3MedianBytes,bin4MedianBytes
M0,legacy,baseline,warmup,0,A-B,23604.09768,1173,1.5014900000023772,6524928,187744256,15142.295180000001,15142.295180000001,23591.772824999993,89079808,2499.213249000044,99.4434390000024,19.805951999998797,21.44837700000062,1,44669.414503,162054144,171134976.0,173756416,174612480.0,170790912
M0,legacy,baseline,warmup,1,B-A,23555.278032999995,1170,0.7270600000047125,3739648,195338240,15767.977205000003,15828.175816999996,23525.783821999998,173109248,4550.6572649999725,1189.4738150000048,19.815154000010807,21.436380999992252,1,68300.76047499999,169609216.0,177643520.0,182898688.0,184414208.0,182745088.0
M0,legacy,baseline,measured,0,A-B,24280.987685,1206,0.7082010000012815,3465216,190033920,15299.063718000005,15299.063718000005,24266.666265000007,101482496,5578.712092000031,1163.4939799999993,19.80720999999903,21.852910999994492,1,91881.597178,169881600.0,175353856,177819648,179695616,179359744
M0,legacy,baseline,measured,1,B-A,23608.896972000002,1173,0.6714440000068862,2568192,192233472,16009.575763,16009.575763,23581.728166000015,184557568,4608.515654999996,1166.3807280000183,19.787065000004077,21.606205000018235,1,116187.526048,171110400,175980544,179535872,181555200.0,180588544.0
M0,legacy,baseline,measured,2,A-B,23891.873831000004,1187,0.6180480000039097,2441216,191414272,13568.50525800002,13568.50525800002,23879.06896700003,98795520,5281.174969000043,1250.3042019999993,19.825746500006062,22.375345000007655,1,139824.29444700002,169725952.0,175165440,179417088,181321728.0,180645888
M0,legacy,baseline,measured,3,B-A,23867.013087,1185,0.6467689999844879,3301376,187850752,16162.713221999991,16162.713221999991,23846.733814000007,148721664,4712.586233000096,1042.8866369999887,19.8106209999969,21.335290999995777,1,163741.151396,166256640,172007424,174952448.0,176898048,177231872.0
M0,legacy,baseline,measured,4,A-B,23695.63031799998,1177,0.7003100000147242,3465216,196476928,16136.008165000007,16136.008165000007,23686.54842800001,78049280,4173.496564000059,1125.6860410000081,19.808024999991176,21.329123000003165,1,187632.964979,172814336.0,177266688,181817344,184844288.0,184590336
M0,legacy,baseline,measured,5,B-A,23303.202149999997,1157,0.7013560000050347,3227648,194711552,16239.176616000012,16239.176616000012,23290.16451599999,95686656,3627.474233999965,1131.692098999978,19.822589999996126,21.346330000000307,1,211353.764287,170172416.0,175906816,180338688.0,183791616,181919744
M0,legacy,baseline,measured,6,A-B,24039.55892899999,1194,0.8018630000005942,3530752,192417792,15365.886770000012,15365.886770000012,24020.297401000018,127430656,4757.392775000044,1028.942412000004,19.824906000023475,21.315081000007922,1,234682.940775,167641088,174592000,178593792,182792192.0,181190656
M0,disabled,baseline,warmup,0,A-B,24068.34674500001,1195,1.350296000004164,8679424,185266176,15399.039499999999,15399.039499999999,24046.607358999994,148414464,4624.793112000058,201.42583500000183,19.81879100000151,21.551814999998896,1,45832.924006,161796096,169717760,171814912,173096960,173109248
M0,disabled,baseline,warmup,1,B-A,23241.16524300001,1154,0.6968789999955334,1208320,190656512,15250.337235999992,15250.337235999992,23220.89678899999,142766080,4488.062678000046,1105.3302540000004,19.804437000013422,21.35715299998992,1,118383.43206,166465536,173010944,176988160,181358592,179124224.0
M0,disabled,baseline,measured,0,A-B,23456.64306599999,1166,0.6956789999967441,2760704,195518464,13723.283021999989,13723.283021999989,23447.435253000003,77139968,5084.032833999983,1263.2893599999952,19.788799999980256,21.298161999991862,1,141649.300728,173445120.0,178454528,181837824,186818560,183767040
M0,disabled,baseline,measured,1,B-A,23659.423164999986,1175,0.7400970000016969,3469312,192131072,15280.142316000012,15280.142316000012,23631.909744000004,178253824,4566.250259000022,1186.6224060000095,19.827864999999292,21.097237999987556,1,214606.079878,169992192,175329280.0,178786304,183209984,180131840.0
M0,disabled,baseline,measured,2,A-B,24165.59893700003,1200,0.9222000000008848,3997696,193216512,14647.939247000002,14647.939247000002,24149.816982999997,99594240,3611.1628400000627,968.5663150000037,19.831802000000607,21.27098199998727,1,238290.624706,170246144.0,175403008.0,179867648.0,181047296.0,180121600.0
M0,disabled,baseline,measured,3,B-A,23960.22837200004,1190,0.6842590000014752,2572288,193826816,16015.28019000002,16015.28019000002,23947.03926400002,93642752,3805.883497999923,1047.9542580000125,19.831039000011515,21.199866000039037,1,311932.610875,171282432,177307648,180027392.0,182550528.0,182300672.0
M0,disabled,baseline,measured,4,A-B,23373.552051999955,1161,0.6330979999620467,2822144,191946752,16224.149577000004,16224.149577000004,23356.117354999995,115290112,2956.978270000138,1106.4495619999943,19.819266499980586,21.31763000000501,1,335923.771128,168034304,174026752.0,177823744.0,181088256.0,178628608.0
M0,disabled,baseline,measured,5,B-A,24216.54972499999,1202,0.6853000000119209,3305472,191528960,14858.862624000001,14858.862624000001,24193.315053,158937088,4953.50521299988,1230.0742940000491,19.841791999991983,21.44465499999933,1,408417.087033,169947136,174596096.0,178876416.0,180150272,180738048.0
M0,disabled,baseline,measured,6,A-B,23735.137214999995,1179,0.7041779999854043,3162112,193630208,15867.756186999963,15867.756186999963,23719.200440999994,101408768,4931.411403000122,1026.1603130000294,19.816040500008967,22.539018999959808,1,432658.481694,167415808.0,175550464.0,180342784.0,183281664.0,182366208
M0,disabled,candidate,warmup,0,A-B,24246.343317000006,1204,0.7669850000092993,3735552,201146368,22950.801145999998,22950.801145999998,24236.919762000005,75784192,6592.1338910000195,968.8306620000076,19.82480499999656,21.316275999997742,1,69926.963842,176230400,188956672,184377344,189603840.0,191705088
M0,disabled,candidate,warmup,1,B-A,24158.695878,1199,0.8508740000106627,3801088,208175104,22503.162003000005,22503.162003000005,24133.32805000001,181665792,4908.665099000034,1147.7982010000123,19.8107655000058,21.7454859999998,1,94198.958662,176418816.0,189313024.0,191307776.0,195291136.0,199704576
M0,disabled,candidate,measured,0,A-B,24657.49678799999,1224,0.6202880000055302,1847296,200642560,22920.954492999997,22920.954492999997,24632.001005,178671616,5222.832214000024,1046.101257000002,19.80374900001334,21.263159000023734,1,165130.469743,172527616,186056704,181252096,187179008,191877120.0
M0,disabled,candidate,measured,1,B-A,24767.003446999996,1230,0.6041039999981876,3166208,199200768,23014.20897400001,23014.20897400001,24749.002623000008,114737152,5232.2773469999665,1045.7211309999984,19.8113139999914,21.259447999997064,1,189813.601494,174895104.0,184510464.0,180553728.0,185298944.0,190517248.0
M0,disabled,candidate,measured,2,A-B,25115.992359999975,1247,0.7111610000138171,3293184,203087872,24208.78563900001,24208.78563900001,25099.27673099999,112361472,3904.462425999751,1086.2967200000421,19.821907000005012,23.156793000001926,1,262481.342774,171714560.0,185237504,180805632,189913088.0,191954944
M0,disabled,candidate,measured,3,B-A,24283.612697000033,1206,0.7195700000156648,3379200,205934592,22711.60182000004,22711.60182000004,24266.351147999987,119386112,5803.60527299979,1124.3925750000053,19.81037899997318,21.62006200000178,1,287623.139247,182710272,192753664.0,188129280,192778240,197246976
M0,disabled,candidate,measured,4,A-B,24282.18570999999,1206,0.661718999966979,2932736,201535488,23133.787964999967,23133.787964999967,24263.949905999994,114900992,5560.030216000276,1188.7875500000082,19.803519000008237,21.401696000015363,1,359322.130063,176998400.0,186892288,184283136,189145088,192122880
M0,disabled,candidate,measured,5,B-A,24762.57800800004,1230,0.7594220000319183,3162112,199335936,22849.231471000006,22849.231471000006,24737.82076999999,175034368,6009.342222999956,1185.033626999997,19.815100000007078,21.30250699998578,1,383629.600364,175353856,185618432,181391360.0,186574848.0,191555584.0
M0,disabled,candidate,measured,6,A-B,24534.372638,1218,0.6532219999935478,2830336,197382144,22836.258429999987,22836.258429999987,24507.28168700001,188022784,5640.487700999947,984.8275199999916,19.797856999968644,22.504824000003282,1,456417.770706,174702592.0,184449024.0,179838976,184242176.0,188657664
first,legacy,baseline,warmup,0,A-B,26214.847409999995,1301,1.390317999997933,10391552,188272640,10717.790296,10717.790296,26188.208371,174497792,4300.704890999965,182.05799000000115,19.854616000000533,21.43606799999543,1,53383.485843999995,161546240,173877248.0,175849472.0,171845632.0,173764608.0
first,legacy,baseline,warmup,1,B-A,25033.747061999995,1243,0.6554899999900954,2801664,197382144,15580.738894999988,15580.738894999988,25009.873352999988,189747200,4930.612081999978,1104.8153969999985,19.82077549999667,21.88543200001004,1,79626.012799,174899200,179494912,184569856,185808896.0,186599424.0
first,legacy,baseline,measured,0,A-B,25327.229852999997,1258,0.6058560000092257,2351104,197234688,16135.956401000003,16135.956401000003,25310.774776000006,136728576,1448.8591880000022,463.97775900000124,19.813787000006414,21.655094000001554,1,104687.237955,170377216.0,177688576,180480000.0,182165504,183869440.0
first,legacy,baseline,measured,1,B-A,25926.01284899999,1288,0.6533520000084536,3006464,192012288,14342.182666000008,14342.182666000008,25915.82145800002,80846848,3930.012243999925,1250.4341570000106,19.832976999983657,22.702730000019073,1,130041.063385,169547776.0,175120384,178915328.0,178065408,180719616.0
first,legacy,baseline,measured,2,A-B,27629.36338299999,1371,0.8816910000168718,2879488,193282048,15281.870144000015,15281.870144000015,27606.044445000007,176087040,4612.788887999952,726.1523820000002,19.921304000003147,22.83111299999291,1,155998.452852,168503296.0,174260224,180994048.0,179650560.0,182872064.0
first,legacy,baseline,measured,3,B-A,26503.75615999999,1317,0.8311450000037439,3211264,194203648,15124.306918999995,15124.306918999995,26489.721449999983,99348480,4201.285964999959,962.764805999992,19.866635500002303,22.29889999999432,1,183657.161429,173553664.0,177127424,180854784,180240384.0,183382016
first,legacy,baseline,measured,4,A-B,26625.576560999994,1323,0.6396789999853354,2174976,199778304,16333.196437000006,16333.196437000006,26615.134250000003,89530368,4912.250415000075,1148.0889390000084,19.87524450001365,22.527846999990288,1,210188.677696,177344512,182351872.0,187240448,186519552,188934144.0
first,legacy,baseline,measured,5,B-A,26439.45979500003,1312,0.7862930000119377,2879488,196796416,16160.524887000007,16160.524887000007,26414.964744999976,180113408,2835.5172319999547,785.8559939999832,19.86328400002094,23.589051000017207,1,236848.630256,170266624,179140608.0,183279616,182179840.0,184467456.0
first,legacy,baseline,measured,6,A-B,26162.800445,1299,0.7890590000315569,4034560,191119360,16034.81085400004,16034.81085400004,26143.08116500004,140681216,5759.555123000173,1351.172918999975,19.836755500000436,22.520168000017293,1,263314.763636,168050688.0,174614528.0,179408896.0,180252672,180473856.0
first,disabled,baseline,warmup,0,A-B,25892.56976,1286,1.3697430000029271,7913472,187305984,15019.715979,15019.715979,25878.234811000002,95105024,4085.17835299993,181.41199900000356,19.84620200000063,23.684055000005173,1,51971.203961,163819520,173967360.0,175517696,170246144,168931328
first,disabled,baseline,warmup,1,B-A,26367.927083999995,1309,0.6510509999934584,3403776,189128704,20757.83736799998,20757.83736799998,26341.26545399998,171843584,7140.0676769999845,984.8183959999878,19.81065949999902,23.10164999999688,1,134251.28913400002,171585536.0,176490496.0,178188288.0,180111360.0,171982848
first,disabled,baseline,measured,0,A-B,26667.873676999996,1324,0.6490950000006706,3436544,189960192,21253.231126000028,21253.231126000028,26653.029874,101576704,2359.678952000075,543.3485750000109,19.819668000011006,21.34888399997726,1,160645.52528300002,167067648,172023808,175718400,178556928.0,173613056
first,disabled,baseline,measured,1,B-A,27316.829954000015,1357,0.6335200000030454,2818048,184877056,21898.171653999976,21898.171653999976,27295.678524000017,150220800,2216.8000730000495,321.5773330000229,19.812978500005556,21.29383100004634,1,241464.253425,162187264.0,168341504,169783296.0,173613056,167149568
first,disabled,baseline,measured,2,A-B,30168.202545999957,1498,0.8688200000324287,3465216,186494976,23258.838503999985,23258.838503999985,30142.430172000022,159576064,1432.7239339999505,60.32254100003047,19.81567800004268,21.373772000020836,1,268808.375335,160301056.0,163477504.0,167735296,171460608.0,165490688
first,disabled,baseline,measured,3,B-A,30554.34749199997,1518,0.6817059999448247,3489792,191578112,23157.62539599999,23157.62539599999,30540.84804999997,83841024,1207.4723080001422,80.2241159999976,19.847720000019763,21.148772999993525,1,360520.561749,165167104.0,170913792,172746752.0,176381952,170031104.0
first,disabled,baseline,measured,4,A-B,30042.44290299999,1493,0.6172140000271611,1765376,187838464,23111.61592900002,23152.176468999998,30032.806431000005,74743808,2012.7547399998293,1004.5759139999864,19.84481449998566,21.57991700002458,1,391103.841771,162238464,170299392.0,170741760,174170112.0,166555648
first,disabled,baseline,measured,5,B-A,30166.444920999988,1499,0.6093580000451766,2875392,183058432,22525.470666000037,22525.470666000037,30155.185769000032,73351168,1612.3341950000613,201.72547900001518,19.83323149997159,23.172032000031322,1,481418.542883,163917824.0,165027840.0,166166528.0,168415232,159666176.0
first,disabled,baseline,measured,6,A-B,27189.300702000037,1350,0.7278039999655448,3756032,192217088,21635.31330099993,21635.31330099993,27172.362644999987,99053568,5174.693572000018,824.6946340000723,19.84029000008013,21.8214760000119,1,511612.61993700004,172920832.0,178372608.0,179666944.0,182927360.0,174280704.0
first,disabled,candidate,warmup,0,A-B,26705.631444,1326,0.668271000002278,3497984,204619776,26564.072893999997,26564.072893999997,26685.825482,156028928,4968.310062000033,1448.0320019999926,19.82615999999689,23.40995899999689,1,77891.857458,178436096.0,189890560,185180160,188567552,195399680
first,disabled,candidate,warmup,1,B-A,29600.700114000007,1470,0.6867520000087097,3145728,193601536,21571.789245000007,21571.789245000007,29573.158018000002,174809088,1855.1307190000662,344.1696229999943,19.808383000010508,22.262849999999162,1,104623.9828,168361984.0,176926720,175333376,176701440,177287168
first,disabled,candidate,measured,0,A-B,26793.777151999995,1330,1.0803060000180267,3817472,201347072,26274.638200000016,26274.638200000016,26777.170467999997,110309376,3181.9632680000213,724.102108000021,19.83377699999255,22.78206600001431,1,187342.322293,170391552.0,185450496.0,182781952.0,183873536.0,188366848.0
first,disabled,candidate,measured,1,B-A,27276.819075999985,1355,0.695783000002848,3244032,194670592,8156.948379000009,8156.948379000009,27254.30121199999,168509440,3922.7518449999625,1124.5253120000125,19.819517500000075,22.69977700000163,1,214161.92427000002,173871104,179384320,177446912,178249728.0,179814400.0
first,disabled,candidate,measured,2,A-B,29937.01888400002,1487,0.5931109999655746,3145728,194772992,6729.4044069999945,6729.4044069999945,29919.481838000007,121188352,2799.0761010000133,302.3657329999842,19.838513999973657,21.41609700000845,1,299003.789428,171935744.0,175808512,172838912,176474112.0,179089408
first,disabled,candidate,measured,3,B-A,31522.602990999992,1564,0.5767329999944195,3145728,195768320,29564.368342,29564.368342,31504.173182,117243904,3510.332066000148,565.3180810000049,19.892044999985956,22.172482000023592,1,328968.152485,169869312.0,178505728.0,177614848,179122176,180768768.0
first,disabled,candidate,measured,4,A-B,31039.55567599996,1542,0.7261530000250787,3076096,200044544,30779.530281000014,30779.530281000014,31022.644684,108269568,2734.516368999495,342.0591210000566,19.849986999994144,21.867276999983005,1,421172.491744,172224512.0,181448704,178970624.0,180576256,184350720.0
first,disabled,candidate,measured,5,B-A,29150.68574799999,1447,0.6181809999980032,2416640,199892992,28514.62103400001,28514.62103400001,29139.635968999995,73506816,2681.189368000021,1449.6225640000193,19.854722000018228,21.988481999957003,1,452240.488509,171810816.0,180920320,176738304.0,177600512.0,186568704.0
first,disabled,candidate,measured,6,A-B,27330.476916000014,1357,0.7020719998981804,3727360,196186112,21919.689061999903,21919.689061999903,27320.47351099993,70344704,4430.705301999813,864.3858209999744,19.820426499994937,22.05183799995575,1,538828.949743,173930496.0,182878208,178843648,183146496.0,181264384
controlled,legacy,baseline,warmup,0,A-B,24677.986725999996,1226,1.8147029999963706,9666560,185507840,16276.067758999998,16276.067758999998,24667.868300000002,71143424,4614.995735000033,120.9712259999942,19.84016900000279,23.193610999995144,1,51498.278496,162357248.0,171888640,174231552,169742336,168632320
controlled,legacy,baseline,warmup,1,B-A,25291.301480999988,1256,0.8016389999975218,3751936,186351616,14990.79243799999,15051.282940999998,25276.169624999995,106455040,10152.855405999988,1086.237942000007,19.836785999999847,21.411003999994136,1,76206.307571,172060672.0,177033216,179126272,174624768,174149632
controlled,legacy,baseline,measured,0,A-B,27612.959919,1373,0.7793430000019725,3821568,186593280,21958.62141600001,21958.62141600001,27602.763130000007,70598656,2598.637467999957,80.92277699999977,19.798886500000663,21.55664500000421,1,101521.407003,164073472,170147840.0,172171264,174145536.0,166248448
controlled,legacy,baseline,measured,1,B-A,26883.39732599999,1335,0.6562220000050729,2289664,189562880,22568.299895000004,22568.299895000004,26858.218190999993,183906304,2460.2701159999415,1211.0772270000016,19.809417000011308,22.403002999984892,1,129159.158111,161294336.0,169209856,171667456,175427584,177053696.0
controlled,legacy,baseline,measured,2,A-B,24568.232277000003,1220,0.6479910000052769,2220032,181981184,15087.06435500001,15087.06435500001,24543.954430000013,167546880,9776.650252999912,988.468670000002,19.79510700001265,21.53506799999741,1,156067.588963,168708096.0,172701696.0,173899776.0,169689088.0,170659840.0
controlled,legacy,baseline,measured,3,B-A,25046.45160999999,1245,0.654936999984784,3391488,183537664,14707.011385999998,14707.011385999998,25021.24329699998,173228032,6216.142050999944,763.4816460000002,19.786190500002704,21.442233000008855,1,180660.00084,166703104,172466176,174092288,168656896.0,168980480.0
controlled,legacy,baseline,measured,4,A-B,24160.301934999996,1200,0.5739039999898523,2416640,182235136,15909.624274000002,15909.624274000002,24145.476712000003,103817216,7412.03401199996,925.2277360000007,19.790286999981618,22.938999999983935,1,205730.518653,165797888.0,170762240.0,173072384.0,170180608.0,172034048.0
controlled,legacy,baseline,measured,5,B-A,27012.689463999995,1342,0.6139369999873452,3112960,188260352,22079.721494999976,22079.721494999976,26993.428176999994,134803456,2551.714369999914,702.6720410000125,19.788601000007475,22.178532999998424,1,229915.484808,161808384.0,169041920,169881600.0,173629440,176197632.0
controlled,legacy,baseline,measured,6,A-B,27588.61633800002,1370,0.7324709999957122,3395584,187629568,22933.616458999983,22933.616458999983,27562.254744000034,172531712,2276.078018000175,1149.126156000013,19.798217999981716,22.158874000015203,1,256953.411868,162734080.0,167284736,168652800,173109248,172785664
controlled,disabled,baseline,warmup,0,A-B,23990.00972300001,1191,1.4186140000019805,4083712,184602624,14537.109886999999,14537.109886999999,23965.855611000006,145682432,3216.4585199999783,122.61051099999895,19.83081300000049,21.545711999999185,1,46519.579038,158240768,168837120.0,172251136.0,168820736,167411712
controlled,disabled,baseline,warmup,1,B-A,24691.99845700001,1226,0.7269609999930253,2195456,184795136,14652.277382,14652.277382,24683.888938999997,63188992,4935.093287000069,947.1907620000129,19.807098999997834,21.206709999998566,1,120902.767981,165797888.0,172400640,175251456,170631168,169881600
controlled,disabled,baseline,measured,0,A-B,24554.258436000004,1220,0.5554359999950975,1908736,181538816,16106.331511999975,16106.331511999975,24529.852186999982,168169472,8360.181685000163,1044.5898110000126,19.778330000001006,22.078234999993583,1,145619.16712300002,166844416.0,172527616.0,173408256.0,168136704.0,168435712.0
controlled,disabled,baseline,measured,1,B-A,25077.244772999984,1246,0.6008490000094753,1429504,184381440,16208.657605000015,16208.657605000015,25062.08768300002,97112064,4715.701586999989,764.3579739999841,19.79456000000937,21.5741370000178,1,220296.035802,166025216.0,171405312,173912064,169193472,168976384
controlled,disabled,baseline,measured,2,A-B,24854.75812699998,1235,0.797461000009207,3366912,185655296,15206.163428,15206.163428,24829.884876000026,171012096,7760.136914999981,1005.330065999995,19.7978164999804,21.221483999979682,1,245398.219152,170598400,174952448,176439296,173432832,172990464
controlled,disabled,baseline,measured,3,B-A,24467.49378800002,1216,0.5924840000225231,2093056,185245696,24144.965399000037,24144.965399000037,24448.54485200002,132694016,4568.126019000076,1046.5063999999547,19.78355199994985,21.245942000008654,1,323475.162501,160014336.0,169156608,173113344,172142592,176365568
controlled,disabled,baseline,measured,4,A-B,24975.898148000007,1241,0.5999829999636859,2875392,188657664,24727.03130599996,24727.03130599996,24947.924765000003,162340864,8112.655080999713,945.5208799999673,19.79474099999061,22.733330000017304,1,347968.18268,173596672,178159616.0,179841024.0,174503936.0,176363520.0
controlled,disabled,baseline,measured,5,B-A,24954.091113000002,1239,0.683214999968186,2551808,186978304,18272.119061000005,18272.119061000005,24928.757004000014,162938880,10895.838112000318,1166.5132100000046,19.799495499988552,23.06709399999818,1,425881.34327,170993664.0,178057216.0,179027968.0,180506624.0,173748224
controlled,disabled,baseline,measured,6,A-B,25062.810349999985,1245,0.6194600000162609,2547712,186236928,16088.997094999999,16088.997094999999,25049.922751999984,88199168,7218.298331000202,786.1330179999932,19.790869999997085,22.268984999973327,1,450860.41211000003,171016192,175312896,176660480,171413504,174542848
controlled,disabled,candidate,warmup,0,A-B,25172.291520999992,1250,0.7438510000065435,3141632,202788864,25117.39129,25117.39129,25157.851828,102395904,3123.7689789999276,686.0020119999972,19.81356899999082,21.58601000001363,1,70541.564843,178696192,188596224,183912448.0,186540032.0,189040640.0
controlled,disabled,candidate,warmup,1,B-A,25140.575008,1249,0.7050800000142772,1847296,200085504,7446.314619000012,7446.314619000012,25123.66517600001,122085376,5751.64894299992,928.9371930000052,19.79827749999822,21.58546900001238,1,95737.74786799999,173924352.0,189366272.0,183599104.0,187764736,187305984.0
controlled,disabled,candidate,measured,0,A-B,24867.951509999984,1236,0.638267000002088,2220032,199847936,7831.462358999997,7831.462358999997,24851.480271999986,104136704,5607.194809999986,1167.5153960000025,19.793780000007246,22.30536500000744,1,170199.025633,174673920,188973056.0,183152640,185425920,187613184
controlled,disabled,candidate,measured,1,B-A,25181.073502999992,1252,0.5713300000061281,2805760,209657856,7825.861380999995,7825.861380999995,25172.185009000008,70725632,3540.741861000075,844.6460479999951,19.782245999987936,21.15748700001859,1,195091.151848,184049664,195979264.0,190844928.0,194080768,194787328.0
controlled,disabled,candidate,measured,2,A-B,25366.76240399998,1260,0.7049759999499656,3096576,203198464,8155.608433999994,8155.608433999994,25349.07594499999,109383680,4391.404205000086,1066.9022729999851,19.795094000000972,21.299346999963745,1,270280.675116,173621248.0,191856640,186400768,189177856,187117568
controlled,disabled,candidate,measured,3,B-A,27775.83578200004,1379,0.6119940000353381,2535424,197562368,27692.74139000004,27692.74139000004,27754.001867000014,138309632,2759.918534000113,1326.9516740000108,19.815020499983802,22.60099300002912,1,295674.846188,167598080.0,180756480.0,175069184.0,176062464.0,184758272
controlled,disabled,candidate,measured,4,A-B,24803.50221800001,1232,0.6271930000511929,1888256,207597568,24223.01225300005,24223.01225300005,24787.047229000018,106872832,4361.5927770001,1249.5273980000056,19.791645999997854,22.833967000013217,1,372970.087239,181225472.0,193241088,188119040.0,190930944,197531648.0
controlled,disabled,candidate,measured,5,B-A,28056.769296000013,1395,0.8307839999906719,1822720,205152256,27585.73066900001,27585.73066900001,28046.94735999999,65511424,2071.193875000172,440.9376779999584,19.795712999999523,21.828589000040665,1,397797.69429300004,176963584,185618432,182394880,186187776,190144512
controlled,disabled,candidate,measured,6,A-B,25088.012841999996,1245,0.596585999999661,2174976,202395648,8110.185304999992,8110.185304999992,25073.175767000008,102678528,5141.1413560003275,1031.2203689999878,19.816113499982748,22.678920999984257,1,475949.388823,171515904,190541824,184512512,187555840,190595072
